Handle,Title,Body (HTML),Vendor,Product Category,Type,Tags,Published,Option1 Name,Option1 Value,Variant SKU,Variant Grams,Variant Inventory Tracker,Variant Inventory Qty,Variant Inventory Policy,Variant Fulfillment Service,Variant Price,Variant Compare At Price,Variant Requires Shipping,Variant Taxable,Gift Card,SEO Title,SEO Description,Status
fone-tws-pulse,Fone TWS Pulse,<p>Tech · envio após a confirmação do pagamento.</p>,ALVA,,Tech,Tech,TRUE,Title,Default Title,tech-001,300,shopify,41,deny,manual,56.88,,TRUE,FALSE,FALSE,Fone TWS Pulse — ALVA,Tech · envio após a confirmação do pagamento.,active
fone-esportivo-gancho,Fone Esportivo Gancho,<p>Tech · envio após a confirmação do pagamento.</p>,ALVA,,Tech,Tech,TRUE,Title,Default Title,tech-002,300,shopify,42,deny,manual,64.24,,TRUE,FALSE,FALSE,Fone Esportivo Gancho — ALVA,Tech · envio após a confirmação do pagamento.,active
fone-gamer-rgb,Fone Gamer RGB,<p>Tech · envio após a confirmação do pagamento.</p>,ALVA,,Tech,Tech,TRUE,Title,Default Title,tech-003,300,shopify,43,deny,manual,76.66,,TRUE,FALSE,FALSE,Fone Gamer RGB — ALVA,Tech · envio após a confirmação do pagamento.,active
fone-conducao-ossea,Fone Condução Óssea,<p>Tech · envio após a confirmação do pagamento.</p>,ALVA,,Tech,Tech,TRUE,Title,Default Title,tech-004,300,shopify,44,deny,manual,154.36,,TRUE,FALSE,FALSE,Fone Condução Óssea — ALVA,Tech · envio após a confirmação do pagamento.,active
smartwatch-x1,Smartwatch X1,<p>Tech · envio após a confirmação do pagamento.</p>,ALVA,,Tech,Tech,TRUE,Title,Default Title,tech-005,300,shopify,45,deny,manual,122.24,,TRUE,FALSE,FALSE,Smartwatch X1 — ALVA,Tech · envio após a confirmação do pagamento.,active
smartwatch-esportivo,Smartwatch Esportivo,<p>Tech · envio após a confirmação do pagamento.</p>,ALVA,,Tech,Tech,TRUE,Title,Default Title,tech-006,300,shopify,46,deny,manual,139.86,,TRUE,FALSE,FALSE,Smartwatch Esportivo — ALVA,Tech · envio após a confirmação do pagamento.,active
carregador-mag-15w,Carregador Mag 15W,<p>Tech · envio após a confirmação do pagamento.</p>,ALVA,,Tech,Tech,TRUE,Title,Default Title,tech-007,300,shopify,47,deny,manual,70.44,,TRUE,FALSE,FALSE,Carregador Mag 15W — ALVA,Tech · envio após a confirmação do pagamento.,active
power-bank-20000mah,Power Bank 20000mAh,<p>Tech · envio após a confirmação do pagamento.</p>,ALVA,,Tech,Tech,TRUE,Title,Default Title,tech-008,300,shopify,48,deny,manual,128.46,,TRUE,FALSE,FALSE,Power Bank 20000mAh — ALVA,Tech · envio após a confirmação do pagamento.,active
cabo-usb-c-2m,Cabo USB-C 2m,<p>Tech · envio após a confirmação do pagamento.</p>,ALVA,,Tech,Tech,TRUE,Title,Default Title,tech-009,300,shopify,49,deny,manual,19.68,,TRUE,FALSE,FALSE,Cabo USB-C 2m — ALVA,Tech · envio após a confirmação do pagamento.,active
hub-usb-c-6-em-1,Hub USB-C 6 em 1,<p>Tech · envio após a confirmação do pagamento.</p>,ALVA,,Tech,Tech,TRUE,Title,Default Title,tech-010,300,shopify,50,deny,manual,99.46,,TRUE,FALSE,FALSE,Hub USB-C 6 em 1 — ALVA,Tech · envio após a confirmação do pagamento.,active
capa-iphone-silicone,Capa iPhone Silicone,<p>Tech · envio após a confirmação do pagamento.</p>,ALVA,,Tech,Tech,TRUE,Title,Default Title,tech-011,300,shopify,51,deny,manual,25.80,,TRUE,FALSE,FALSE,Capa iPhone Silicone — ALVA,Tech · envio após a confirmação do pagamento.,active
capa-android-fosca,Capa Android Fosca,<p>Tech · envio após a confirmação do pagamento.</p>,ALVA,,Tech,Tech,TRUE,Title,Default Title,tech-012,300,shopify,52,deny,manual,22.80,,TRUE,FALSE,FALSE,Capa Android Fosca — ALVA,Tech · envio após a confirmação do pagamento.,active
pelicula-privacidade,Película Privacidade,<p>Tech · envio após a confirmação do pagamento.</p>,ALVA,,Tech,Tech,TRUE,Title,Default Title,tech-013,300,shopify,53,deny,manual,18.64,,TRUE,FALSE,FALSE,Película Privacidade — ALVA,Tech · envio após a confirmação do pagamento.,active
suporte-mesa-articulado,Suporte Mesa Articulado,<p>Tech · envio após a confirmação do pagamento.</p>,ALVA,,Tech,Tech,TRUE,Title,Default Title,tech-014,300,shopify,54,deny,manual,35.22,,TRUE,FALSE,FALSE,Suporte Mesa Articulado — ALVA,Tech · envio após a confirmação do pagamento.,active
mini-projetor-portatil,Mini Projetor Portátil,<p>Tech · envio após a confirmação do pagamento.</p>,ALVA,,Tech,Tech,TRUE,Title,Default Title,tech-015,300,shopify,55,deny,manual,290.08,,TRUE,FALSE,FALSE,Mini Projetor Portátil — ALVA,Tech · envio após a confirmação do pagamento.,active
teclado-bluetooth-slim,Teclado Bluetooth Slim,<p>Tech · envio após a confirmação do pagamento.</p>,ALVA,,Tech,Tech,TRUE,Title,Default Title,tech-016,300,shopify,56,deny,manual,108.78,,TRUE,FALSE,FALSE,Teclado Bluetooth Slim — ALVA,Tech · envio após a confirmação do pagamento.,active
mouse-silencioso,Mouse Silencioso,<p>Tech · envio após a confirmação do pagamento.</p>,ALVA,,Tech,Tech,TRUE,Title,Default Title,tech-017,300,shopify,57,deny,manual,52.84,,TRUE,FALSE,FALSE,Mouse Silencioso — ALVA,Tech · envio após a confirmação do pagamento.,active
webcam-full-hd,Webcam Full HD,<p>Tech · envio após a confirmação do pagamento.</p>,ALVA,,Tech,Tech,TRUE,Title,Default Title,tech-018,300,shopify,58,deny,manual,136.76,,TRUE,FALSE,FALSE,Webcam Full HD — ALVA,Tech · envio após a confirmação do pagamento.,active
luminaria-anel-led,Luminária Anel LED,<p>Tech · envio após a confirmação do pagamento.</p>,ALVA,,Tech,Tech,TRUE,Title,Default Title,tech-019,300,shopify,59,deny,manual,90.14,,TRUE,FALSE,FALSE,Luminária Anel LED — ALVA,Tech · envio após a confirmação do pagamento.,active
adaptador-hdmi-4k,Adaptador HDMI 4K,<p>Tech · envio após a confirmação do pagamento.</p>,ALVA,,Tech,Tech,TRUE,Title,Default Title,tech-020,300,shopify,60,deny,manual,44.54,,TRUE,FALSE,FALSE,Adaptador HDMI 4K — ALVA,Tech · envio após a confirmação do pagamento.,active
capa-de-sofa-2-lugares,Capa de Sofá 2 Lugares,<p>Casa · envio após a confirmação do pagamento.</p>,ALVA,,Casa,Casa,TRUE,Title,Default Title,casa-021,300,shopify,61,deny,manual,76.46,,TRUE,FALSE,FALSE,Capa de Sofá 2 Lugares — ALVA,Casa · envio após a confirmação do pagamento.,active
capa-de-sofa-3-lugares,Capa de Sofá 3 Lugares,<p>Casa · envio após a confirmação do pagamento.</p>,ALVA,,Casa,Casa,TRUE,Title,Default Title,casa-022,300,shopify,62,deny,manual,92.20,,TRUE,FALSE,FALSE,Capa de Sofá 3 Lugares — ALVA,Casa · envio após a confirmação do pagamento.,active
organizador-de-joias,Organizador de Joias,<p>Casa · envio após a confirmação do pagamento.</p>,ALVA,,Casa,Casa,TRUE,Title,Default Title,casa-023,300,shopify,63,deny,manual,89.92,,TRUE,FALSE,FALSE,Organizador de Joias — ALVA,Casa · envio após a confirmação do pagamento.,active
almofada-lombar,Almofada Lombar,<p>Casa · envio após a confirmação do pagamento.</p>,ALVA,,Casa,Casa,TRUE,Title,Default Title,casa-024,300,shopify,64,deny,manual,131.98,,TRUE,FALSE,FALSE,Almofada Lombar — ALVA,Casa · envio após a confirmação do pagamento.,active
travesseiro-cervical,Travesseiro Cervical,<p>Casa · envio após a confirmação do pagamento.</p>,ALVA,,Casa,Casa,TRUE,Title,Default Title,casa-025,300,shopify,65,deny,manual,116.04,,TRUE,FALSE,FALSE,Travesseiro Cervical — ALVA,Casa · envio após a confirmação do pagamento.,active
suporte-vassoura-parede,Suporte Vassoura Parede,<p>Casa · envio após a confirmação do pagamento.</p>,ALVA,,Casa,Casa,TRUE,Title,Default Title,casa-026,300,shopify,66,deny,manual,53.56,,TRUE,FALSE,FALSE,Suporte Vassoura Parede — ALVA,Casa · envio após a confirmação do pagamento.,active
capa-de-fogao,Capa de Fogão,<p>Casa · envio após a confirmação do pagamento.</p>,ALVA,,Casa,Casa,TRUE,Title,Default Title,casa-027,300,shopify,67,deny,manual,32.84,,TRUE,FALSE,FALSE,Capa de Fogão — ALVA,Casa · envio após a confirmação do pagamento.,active
cortina-blackout,Cortina Blackout,<p>Casa · envio após a confirmação do pagamento.</p>,ALVA,,Casa,Casa,TRUE,Title,Default Title,casa-028,300,shopify,68,deny,manual,150.22,,TRUE,FALSE,FALSE,Cortina Blackout — ALVA,Casa · envio após a confirmação do pagamento.,active
tapete-passadeira,Tapete Passadeira,<p>Casa · envio após a confirmação do pagamento.</p>,ALVA,,Casa,Casa,TRUE,Title,Default Title,casa-029,300,shopify,69,deny,manual,101.52,,TRUE,FALSE,FALSE,Tapete Passadeira — ALVA,Casa · envio após a confirmação do pagamento.,active
luminaria-de-mesa,Luminária de Mesa,<p>Casa · envio após a confirmação do pagamento.</p>,ALVA,,Casa,Casa,TRUE,Title,Default Title,casa-030,300,shopify,70,deny,manual,105.68,,TRUE,FALSE,FALSE,Luminária de Mesa — ALVA,Casa · envio após a confirmação do pagamento.,active
fita-led-5m-rgb,Fita LED 5m RGB,<p>Casa · envio após a confirmação do pagamento.</p>,ALVA,,Casa,Casa,TRUE,Title,Default Title,casa-031,300,shopify,71,deny,manual,66.30,,TRUE,FALSE,FALSE,Fita LED 5m RGB — ALVA,Casa · envio após a confirmação do pagamento.,active
umidificador-300ml,Umidificador 300ml,<p>Casa · envio após a confirmação do pagamento.</p>,ALVA,,Casa,Casa,TRUE,Title,Default Title,casa-032,300,shopify,72,deny,manual,83.92,,TRUE,FALSE,FALSE,Umidificador 300ml — ALVA,Casa · envio após a confirmação do pagamento.,active
relogio-de-parede,Relógio de Parede,<p>Casa · envio após a confirmação do pagamento.</p>,ALVA,,Casa,Casa,TRUE,Title,Default Title,casa-033,300,shopify,73,deny,manual,78.74,,TRUE,FALSE,FALSE,Relógio de Parede — ALVA,Casa · envio após a confirmação do pagamento.,active
cabideiro-de-porta,Cabideiro de Porta,<p>Casa · envio após a confirmação do pagamento.</p>,ALVA,,Casa,Casa,TRUE,Title,Default Title,casa-034,300,shopify,74,deny,manual,43.52,,TRUE,FALSE,FALSE,Cabideiro de Porta — ALVA,Casa · envio após a confirmação do pagamento.,active
caixa-organizadora,Caixa Organizadora,<p>Casa · envio após a confirmação do pagamento.</p>,ALVA,,Casa,Casa,TRUE,Title,Default Title,casa-035,300,shopify,75,deny,manual,61.12,,TRUE,FALSE,FALSE,Caixa Organizadora — ALVA,Casa · envio após a confirmação do pagamento.,active
protetor-de-quina,Protetor de Quina,<p>Casa · envio após a confirmação do pagamento.</p>,ALVA,,Casa,Casa,TRUE,Title,Default Title,casa-036,300,shopify,76,deny,manual,29.00,,TRUE,FALSE,FALSE,Protetor de Quina — ALVA,Casa · envio após a confirmação do pagamento.,active
puxador-adesivo,Puxador Adesivo,<p>Casa · envio após a confirmação do pagamento.</p>,ALVA,,Casa,Casa,TRUE,Title,Default Title,casa-037,300,shopify,77,deny,manual,24.86,,TRUE,FALSE,FALSE,Puxador Adesivo — ALVA,Casa · envio após a confirmação do pagamento.,active
varal-retratil,Varal Retrátil,<p>Casa · envio após a confirmação do pagamento.</p>,ALVA,,Casa,Casa,TRUE,Title,Default Title,casa-038,300,shopify,78,deny,manual,71.48,,TRUE,FALSE,FALSE,Varal Retrátil — ALVA,Casa · envio após a confirmação do pagamento.,active
pano-microfibra-kit-10,Pano Microfibra Kit 10,<p>Casa · envio após a confirmação do pagamento.</p>,ALVA,,Casa,Casa,TRUE,Title,Default Title,casa-039,300,shopify,79,deny,manual,36.26,,TRUE,FALSE,FALSE,Pano Microfibra Kit 10 — ALVA,Casa · envio após a confirmação do pagamento.,active
lixeira-com-pedal,Lixeira com Pedal,<p>Casa · envio após a confirmação do pagamento.</p>,ALVA,,Casa,Casa,TRUE,Title,Default Title,casa-040,300,shopify,80,deny,manual,118.10,,TRUE,FALSE,FALSE,Lixeira com Pedal — ALVA,Casa · envio após a confirmação do pagamento.,active
cama-caverna-gato,Cama Caverna Gato,<p>Pet · envio após a confirmação do pagamento.</p>,ALVA,,Pet,Pet,TRUE,Title,Default Title,pet-041,300,shopify,81,deny,manual,119.76,,TRUE,FALSE,FALSE,Cama Caverna Gato — ALVA,Pet · envio após a confirmação do pagamento.,active
cama-ortopedica-cao,Cama Ortopédica Cão,<p>Pet · envio após a confirmação do pagamento.</p>,ALVA,,Pet,Pet,TRUE,Title,Default Title,pet-042,300,shopify,82,deny,manual,190.62,,TRUE,FALSE,FALSE,Cama Ortopédica Cão — ALVA,Pet · envio após a confirmação do pagamento.,active
coleira-led-recarregavel,Coleira LED Recarregável,<p>Pet · envio após a confirmação do pagamento.</p>,ALVA,,Pet,Pet,TRUE,Title,Default Title,pet-043,300,shopify,83,deny,manual,39.06,,TRUE,FALSE,FALSE,Coleira LED Recarregável — ALVA,Pet · envio após a confirmação do pagamento.,active
guia-retratil-5m,Guia Retrátil 5m,<p>Pet · envio após a confirmação do pagamento.</p>,ALVA,,Pet,Pet,TRUE,Title,Default Title,pet-044,300,shopify,84,deny,manual,64.24,,TRUE,FALSE,FALSE,Guia Retrátil 5m — ALVA,Pet · envio após a confirmação do pagamento.,active
comedouro-lento,Comedouro Lento,<p>Pet · envio após a confirmação do pagamento.</p>,ALVA,,Pet,Pet,TRUE,Title,Default Title,pet-045,300,shopify,85,deny,manual,73.14,,TRUE,FALSE,FALSE,Comedouro Lento — ALVA,Pet · envio após a confirmação do pagamento.,active
fonte-agua-gato,Fonte Água Gato,<p>Pet · envio após a confirmação do pagamento.</p>,ALVA,,Pet,Pet,TRUE,Title,Default Title,pet-046,300,shopify,86,deny,manual,153.32,,TRUE,FALSE,FALSE,Fonte Água Gato — ALVA,Pet · envio após a confirmação do pagamento.,active
arranhador-torre,Arranhador Torre,<p>Pet · envio após a confirmação do pagamento.</p>,ALVA,,Pet,Pet,TRUE,Title,Default Title,pet-047,300,shopify,87,deny,manual,227.92,,TRUE,FALSE,FALSE,Arranhador Torre — ALVA,Pet · envio após a confirmação do pagamento.,active
brinquedo-laser,Brinquedo Laser,<p>Pet · envio após a confirmação do pagamento.</p>,ALVA,,Pet,Pet,TRUE,Title,Default Title,pet-048,300,shopify,88,deny,manual,55.94,,TRUE,FALSE,FALSE,Brinquedo Laser — ALVA,Pet · envio após a confirmação do pagamento.,active
dispenser-cata-caca,Dispenser Cata-Caca,<p>Pet · envio após a confirmação do pagamento.</p>,ALVA,,Pet,Pet,TRUE,Title,Default Title,pet-049,300,shopify,89,deny,manual,21.76,,TRUE,FALSE,FALSE,Dispenser Cata-Caca — ALVA,Pet · envio após a confirmação do pagamento.,active
roupa-cao-inverno,Roupa Cão Inverno,<p>Pet · envio após a confirmação do pagamento.</p>,ALVA,,Pet,Pet,TRUE,Title,Default Title,pet-050,300,shopify,40,deny,manual,85.98,,TRUE,FALSE,FALSE,Roupa Cão Inverno — ALVA,Pet · envio após a confirmação do pagamento.,active
peitoral-antipuxao,Peitoral Antipuxão,<p>Pet · envio após a confirmação do pagamento.</p>,ALVA,,Pet,Pet,TRUE,Title,Default Title,pet-051,300,shopify,41,deny,manual,81.84,,TRUE,FALSE,FALSE,Peitoral Antipuxão — ALVA,Pet · envio após a confirmação do pagamento.,active
escova-tira-pelos,Escova Tira-Pelos,<p>Pet · envio após a confirmação do pagamento.</p>,ALVA,,Pet,Pet,TRUE,Title,Default Title,pet-052,300,shopify,42,deny,manual,47.66,,TRUE,FALSE,FALSE,Escova Tira-Pelos — ALVA,Pet · envio após a confirmação do pagamento.,active
tapete-higienico-lavavel,Tapete Higiênico Lavável,<p>Pet · envio após a confirmação do pagamento.</p>,ALVA,,Pet,Pet,TRUE,Title,Default Title,pet-053,300,shopify,43,deny,manual,95.32,,TRUE,FALSE,FALSE,Tapete Higiênico Lavável — ALVA,Pet · envio após a confirmação do pagamento.,active
brinquedo-mordedor,Brinquedo Mordedor,<p>Pet · envio após a confirmação do pagamento.</p>,ALVA,,Pet,Pet,TRUE,Title,Default Title,pet-054,300,shopify,44,deny,manual,39.36,,TRUE,FALSE,FALSE,Brinquedo Mordedor — ALVA,Pet · envio após a confirmação do pagamento.,active
cama-janela-gato,Cama Janela Gato,<p>Pet · envio após a confirmação do pagamento.</p>,ALVA,,Pet,Pet,TRUE,Title,Default Title,pet-055,300,shopify,45,deny,manual,135.72,,TRUE,FALSE,FALSE,Cama Janela Gato — ALVA,Pet · envio após a confirmação do pagamento.,active
comedouro-elevado,Comedouro Elevado,<p>Pet · envio após a confirmação do pagamento.</p>,ALVA,,Pet,Pet,TRUE,Title,Default Title,pet-056,300,shopify,46,deny,manual,108.78,,TRUE,FALSE,FALSE,Comedouro Elevado — ALVA,Pet · envio após a confirmação do pagamento.,active
gps-pet-mini,GPS Pet Mini,<p>Pet · envio após a confirmação do pagamento.</p>,ALVA,,Pet,Pet,TRUE,Title,Default Title,pet-057,300,shopify,47,deny,manual,173.02,,TRUE,FALSE,FALSE,GPS Pet Mini — ALVA,Pet · envio após a confirmação do pagamento.,active
tunel-para-gato,Túnel para Gato,<p>Pet · envio após a confirmação do pagamento.</p>,ALVA,,Pet,Pet,TRUE,Title,Default Title,pet-058,300,shopify,48,deny,manual,70.44,,TRUE,FALSE,FALSE,Túnel para Gato — ALVA,Pet · envio após a confirmação do pagamento.,active
bolsa-transporte-pet,Bolsa Transporte Pet,<p>Pet · envio após a confirmação do pagamento.</p>,ALVA,,Pet,Pet,TRUE,Title,Default Title,pet-059,300,shopify,49,deny,manual,157.48,,TRUE,FALSE,FALSE,Bolsa Transporte Pet — ALVA,Pet · envio após a confirmação do pagamento.,active
bebedouro-portatil,Bebedouro Portátil,<p>Pet · envio após a confirmação do pagamento.</p>,ALVA,,Pet,Pet,TRUE,Title,Default Title,pet-060,300,shopify,50,deny,manual,50.76,,TRUE,FALSE,FALSE,Bebedouro Portátil — ALVA,Pet · envio após a confirmação do pagamento.,active
bolsa-transversal-mini,Bolsa Transversal Mini,<p>Moda · envio após a confirmação do pagamento.</p>,ALVA,,Moda,Moda,TRUE,Title,Default Title,moda-061,300,shopify,51,deny,manual,39.16,,TRUE,FALSE,FALSE,Bolsa Transversal Mini — ALVA,Moda · envio após a confirmação do pagamento.,active
bolsa-shopper-couro-pu,Bolsa Shopper Couro PU,<p>Moda · envio após a confirmação do pagamento.</p>,ALVA,,Moda,Moda,TRUE,Title,Default Title,moda-062,300,shopify,52,deny,manual,97.38,,TRUE,FALSE,FALSE,Bolsa Shopper Couro PU — ALVA,Moda · envio após a confirmação do pagamento.,active
carteira-slim-rfid,Carteira Slim RFID,<p>Moda · envio após a confirmação do pagamento.</p>,ALVA,,Moda,Moda,TRUE,Title,Default Title,moda-063,300,shopify,53,deny,manual,41.24,,TRUE,FALSE,FALSE,Carteira Slim RFID — ALVA,Moda · envio após a confirmação do pagamento.,active
cinto-couro-fivela,Cinto Couro Fivela,<p>Moda · envio após a confirmação do pagamento.</p>,ALVA,,Moda,Moda,TRUE,Title,Default Title,moda-064,300,shopify,54,deny,manual,58.02,,TRUE,FALSE,FALSE,Cinto Couro Fivela — ALVA,Moda · envio após a confirmação do pagamento.,active
oculos-uv400,Óculos UV400,<p>Moda · envio após a confirmação do pagamento.</p>,ALVA,,Moda,Moda,TRUE,Title,Default Title,moda-065,300,shopify,55,deny,manual,43.52,,TRUE,FALSE,FALSE,Óculos UV400 — ALVA,Moda · envio após a confirmação do pagamento.,active
bone-aba-curva,Boné Aba Curva,<p>Moda · envio após a confirmação do pagamento.</p>,ALVA,,Moda,Moda,TRUE,Title,Default Title,moda-066,300,shopify,56,deny,manual,36.26,,TRUE,FALSE,FALSE,Boné Aba Curva — ALVA,Moda · envio após a confirmação do pagamento.,active
meia-invisivel-kit-5,Meia Invisível Kit 5,<p>Moda · envio após a confirmação do pagamento.</p>,ALVA,,Moda,Moda,TRUE,Title,Default Title,moda-067,300,shopify,57,deny,manual,32.42,,TRUE,FALSE,FALSE,Meia Invisível Kit 5 — ALVA,Moda · envio após a confirmação do pagamento.,active
lenco-seda-cetim,Lenço Seda Cetim,<p>Moda · envio após a confirmação do pagamento.</p>,ALVA,,Moda,Moda,TRUE,Title,Default Title,moda-068,300,shopify,58,deny,manual,49.72,,TRUE,FALSE,FALSE,Lenço Seda Cetim — ALVA,Moda · envio após a confirmação do pagamento.,active
relogio-quartzo-pulseira,Relógio Quartzo Pulseira,<p>Moda · envio após a confirmação do pagamento.</p>,ALVA,,Moda,Moda,TRUE,Title,Default Title,moda-069,300,shopify,59,deny,manual,92.20,,TRUE,FALSE,FALSE,Relógio Quartzo Pulseira — ALVA,Moda · envio após a confirmação do pagamento.,active
brinco-argola-aco,Brinco Argola Aço,<p>Moda · envio após a confirmação do pagamento.</p>,ALVA,,Moda,Moda,TRUE,Title,Default Title,moda-070,300,shopify,60,deny,manual,27.98,,TRUE,FALSE,FALSE,Brinco Argola Aço — ALVA,Moda · envio após a confirmação do pagamento.,active
colar-corrente-fina,Colar Corrente Fina,<p>Moda · envio após a confirmação do pagamento.</p>,ALVA,,Moda,Moda,TRUE,Title,Default Title,moda-071,300,shopify,61,deny,manual,32.12,,TRUE,FALSE,FALSE,Colar Corrente Fina — ALVA,Moda · envio após a confirmação do pagamento.,active
pulseira-ima,Pulseira Imã,<p>Moda · envio após a confirmação do pagamento.</p>,ALVA,,Moda,Moda,TRUE,Title,Default Title,moda-072,300,shopify,62,deny,manual,30.04,,TRUE,FALSE,FALSE,Pulseira Imã — ALVA,Moda · envio após a confirmação do pagamento.,active
necessaire-viagem,Necessaire Viagem,<p>Moda · envio após a confirmação do pagamento.</p>,ALVA,,Moda,Moda,TRUE,Title,Default Title,moda-073,300,shopify,63,deny,manual,53.88,,TRUE,FALSE,FALSE,Necessaire Viagem — ALVA,Moda · envio após a confirmação do pagamento.,active
cinto-faixa-vestido,Cinto Faixa Vestido,<p>Moda · envio após a confirmação do pagamento.</p>,ALVA,,Moda,Moda,TRUE,Title,Default Title,moda-074,300,shopify,64,deny,manual,35.22,,TRUE,FALSE,FALSE,Cinto Faixa Vestido — ALVA,Moda · envio após a confirmação do pagamento.,active
chapeu-bucket,Chapéu Bucket,<p>Moda · envio após a confirmação do pagamento.</p>,ALVA,,Moda,Moda,TRUE,Title,Default Title,moda-075,300,shopify,65,deny,manual,47.66,,TRUE,FALSE,FALSE,Chapéu Bucket — ALVA,Moda · envio após a confirmação do pagamento.,active
mochila-notebook-15,Mochila Notebook 15,<p>Moda · envio após a confirmação do pagamento.</p>,ALVA,,Moda,Moda,TRUE,Title,Default Title,moda-076,300,shopify,66,deny,manual,153.32,,TRUE,FALSE,FALSE,Mochila Notebook 15 — ALVA,Moda · envio após a confirmação do pagamento.,active
pochete-esportiva,Pochete Esportiva,<p>Moda · envio após a confirmação do pagamento.</p>,ALVA,,Moda,Moda,TRUE,Title,Default Title,moda-077,300,shopify,67,deny,manual,42.48,,TRUE,FALSE,FALSE,Pochete Esportiva — ALVA,Moda · envio após a confirmação do pagamento.,active
luva-touchscreen,Luva Touchscreen,<p>Moda · envio após a confirmação do pagamento.</p>,ALVA,,Moda,Moda,TRUE,Title,Default Title,moda-078,300,shopify,68,deny,manual,51.80,,TRUE,FALSE,FALSE,Luva Touchscreen — ALVA,Moda · envio após a confirmação do pagamento.,active
cachecol-tricot,Cachecol Tricot,<p>Moda · envio após a confirmação do pagamento.</p>,ALVA,,Moda,Moda,TRUE,Title,Default Title,moda-079,300,shopify,69,deny,manual,65.26,,TRUE,FALSE,FALSE,Cachecol Tricot — ALVA,Moda · envio após a confirmação do pagamento.,active
porta-cartao-metal,Porta-Cartão Metal,<p>Moda · envio após a confirmação do pagamento.</p>,ALVA,,Moda,Moda,TRUE,Title,Default Title,moda-080,300,shopify,70,deny,manual,37.30,,TRUE,FALSE,FALSE,Porta-Cartão Metal — ALVA,Moda · envio após a confirmação do pagamento.,active
suporte-magnetico-ventosa,Suporte Magnético Ventosa,<p>Carro · envio após a confirmação do pagamento.</p>,ALVA,,Carro,Carro,TRUE,Title,Default Title,carro-081,300,shopify,71,deny,manual,16.68,,TRUE,FALSE,FALSE,Suporte Magnético Ventosa — ALVA,Carro · envio após a confirmação do pagamento.,active
suporte-grade-de-ar,Suporte Grade de Ar,<p>Carro · envio após a confirmação do pagamento.</p>,ALVA,,Carro,Carro,TRUE,Title,Default Title,carro-082,300,shopify,72,deny,manual,24.86,,TRUE,FALSE,FALSE,Suporte Grade de Ar — ALVA,Carro · envio após a confirmação do pagamento.,active
camera-veicular-full-hd,Câmera Veicular Full HD,<p>Carro · envio após a confirmação do pagamento.</p>,ALVA,,Carro,Carro,TRUE,Title,Default Title,carro-083,300,shopify,73,deny,manual,205.44,,TRUE,FALSE,FALSE,Câmera Veicular Full HD — ALVA,Carro · envio após a confirmação do pagamento.,active
aspirador-portatil-120w,Aspirador Portátil 120W,<p>Carro · envio após a confirmação do pagamento.</p>,ALVA,,Carro,Carro,TRUE,Title,Default Title,carro-084,300,shopify,74,deny,manual,214.24,,TRUE,FALSE,FALSE,Aspirador Portátil 120W — ALVA,Carro · envio após a confirmação do pagamento.,active
organizador-banco-traseiro,Organizador Banco Traseiro,<p>Carro · envio após a confirmação do pagamento.</p>,ALVA,,Carro,Carro,TRUE,Title,Default Title,carro-085,300,shopify,75,deny,manual,67.34,,TRUE,FALSE,FALSE,Organizador Banco Traseiro — ALVA,Carro · envio após a confirmação do pagamento.,active
carregador-veicular-45w,Carregador Veicular 45W,<p>Carro · envio após a confirmação do pagamento.</p>,ALVA,,Carro,Carro,TRUE,Title,Default Title,carro-086,300,shopify,76,deny,manual,60.08,,TRUE,FALSE,FALSE,Carregador Veicular 45W — ALVA,Carro · envio após a confirmação do pagamento.,active
camera-de-re,Câmera de Ré,<p>Carro · envio após a confirmação do pagamento.</p>,ALVA,,Carro,Carro,TRUE,Title,Default Title,carro-087,300,shopify,77,deny,manual,116.04,,TRUE,FALSE,FALSE,Câmera de Ré — ALVA,Carro · envio após a confirmação do pagamento.,active
tapete-borracha-universal,Tapete Borracha Universal,<p>Carro · envio após a confirmação do pagamento.</p>,ALVA,,Carro,Carro,TRUE,Title,Default Title,carro-088,300,shopify,78,deny,manual,138.82,,TRUE,FALSE,FALSE,Tapete Borracha Universal — ALVA,Carro · envio após a confirmação do pagamento.,active
protetor-sol-para-brisa,Protetor Sol Para-brisa,<p>Carro · envio após a confirmação do pagamento.</p>,ALVA,,Carro,Carro,TRUE,Title,Default Title,carro-089,300,shopify,79,deny,manual,48.70,,TRUE,FALSE,FALSE,Protetor Sol Para-brisa — ALVA,Carro · envio após a confirmação do pagamento.,active
aromatizador-clip,Aromatizador Clip,<p>Carro · envio após a confirmação do pagamento.</p>,ALVA,,Carro,Carro,TRUE,Title,Default Title,carro-090,300,shopify,80,deny,manual,19.68,,TRUE,FALSE,FALSE,Aromatizador Clip — ALVA,Carro · envio após a confirmação do pagamento.,active
kit-emergencia,Kit Emergência,<p>Carro · envio após a confirmação do pagamento.</p>,ALVA,,Carro,Carro,TRUE,Title,Default Title,carro-091,300,shopify,81,deny,manual,130.54,,TRUE,FALSE,FALSE,Kit Emergência — ALVA,Carro · envio após a confirmação do pagamento.,active
suporte-tablet-encosto,Suporte Tablet Encosto,<p>Carro · envio após a confirmação do pagamento.</p>,ALVA,,Carro,Carro,TRUE,Title,Default Title,carro-092,300,shopify,82,deny,manual,74.60,,TRUE,FALSE,FALSE,Suporte Tablet Encosto — ALVA,Carro · envio após a confirmação do pagamento.,active
capa-volante,Capa Volante,<p>Carro · envio após a confirmação do pagamento.</p>,ALVA,,Carro,Carro,TRUE,Title,Default Title,carro-093,300,shopify,83,deny,manual,45.58,,TRUE,FALSE,FALSE,Capa Volante — ALVA,Carro · envio após a confirmação do pagamento.,active
luz-interna-led,Luz Interna LED,<p>Carro · envio após a confirmação do pagamento.</p>,ALVA,,Carro,Carro,TRUE,Title,Default Title,carro-094,300,shopify,84,deny,manual,34.18,,TRUE,FALSE,FALSE,Luz Interna LED — ALVA,Carro · envio após a confirmação do pagamento.,active
compressor-mini-12v,Compressor Mini 12V,<p>Carro · envio após a confirmação do pagamento.</p>,ALVA,,Carro,Carro,TRUE,Title,Default Title,carro-095,300,shopify,85,deny,manual,174.04,,TRUE,FALSE,FALSE,Compressor Mini 12V — ALVA,Carro · envio após a confirmação do pagamento.,active
inversor-150w,Inversor 150W,<p>Carro · envio após a confirmação do pagamento.</p>,ALVA,,Carro,Carro,TRUE,Title,Default Title,carro-096,300,shopify,86,deny,manual,146.08,,TRUE,FALSE,FALSE,Inversor 150W — ALVA,Carro · envio após a confirmação do pagamento.,active
pelicula-antiembacante,Película Antiembaçante,<p>Carro · envio após a confirmação do pagamento.</p>,ALVA,,Carro,Carro,TRUE,Title,Default Title,carro-097,300,shopify,87,deny,manual,39.36,,TRUE,FALSE,FALSE,Película Antiembaçante — ALVA,Carro · envio após a confirmação do pagamento.,active
gancho-encosto-kit-4,Gancho Encosto Kit 4,<p>Carro · envio após a confirmação do pagamento.</p>,ALVA,,Carro,Carro,TRUE,Title,Default Title,carro-098,300,shopify,88,deny,manual,26.94,,TRUE,FALSE,FALSE,Gancho Encosto Kit 4 — ALVA,Carro · envio após a confirmação do pagamento.,active
lixeira-carro-couro,Lixeira Carro Couro,<p>Carro · envio após a confirmação do pagamento.</p>,ALVA,,Carro,Carro,TRUE,Title,Default Title,carro-099,300,shopify,89,deny,manual,56.98,,TRUE,FALSE,FALSE,Lixeira Carro Couro — ALVA,Carro · envio após a confirmação do pagamento.,active
camera-dvr-dual,Câmera DVR Dual,<p>Carro · envio após a confirmação do pagamento.</p>,ALVA,,Carro,Carro,TRUE,Title,Default Title,carro-100,300,shopify,40,deny,manual,284.90,,TRUE,FALSE,FALSE,Câmera DVR Dual — ALVA,Carro · envio após a confirmação do pagamento.,active
massageador-de-pescoco,Massageador de Pescoço,<p>Beleza · envio após a confirmação do pagamento.</p>,ALVA,,Beleza,Beleza,TRUE,Title,Default Title,beleza-101,300,shopify,41,deny,manual,31.90,,TRUE,FALSE,FALSE,Massageador de Pescoço — ALVA,Beleza · envio após a confirmação do pagamento.,active
massageador-facial-led,Massageador Facial LED,<p>Beleza · envio após a confirmação do pagamento.</p>,ALVA,,Beleza,Beleza,TRUE,Title,Default Title,beleza-102,300,shopify,42,deny,manual,97.38,,TRUE,FALSE,FALSE,Massageador Facial LED — ALVA,Beleza · envio após a confirmação do pagamento.,active
escova-alisadora,Escova Alisadora,<p>Beleza · envio após a confirmação do pagamento.</p>,ALVA,,Beleza,Beleza,TRUE,Title,Default Title,beleza-103,300,shopify,43,deny,manual,132.60,,TRUE,FALSE,FALSE,Escova Alisadora — ALVA,Beleza · envio após a confirmação do pagamento.,active
secador-compacto,Secador Compacto,<p>Beleza · envio após a confirmação do pagamento.</p>,ALVA,,Beleza,Beleza,TRUE,Title,Default Title,beleza-104,300,shopify,44,deny,manual,120.18,,TRUE,FALSE,FALSE,Secador Compacto — ALVA,Beleza · envio após a confirmação do pagamento.,active
espelho-led-maquiagem,Espelho LED Maquiagem,<p>Beleza · envio após a confirmação do pagamento.</p>,ALVA,,Beleza,Beleza,TRUE,Title,Default Title,beleza-105,300,shopify,45,deny,manual,105.68,,TRUE,FALSE,FALSE,Espelho LED Maquiagem — ALVA,Beleza · envio após a confirmação do pagamento.,active
depilador-eletrico,Depilador Elétrico,<p>Beleza · envio após a confirmação do pagamento.</p>,ALVA,,Beleza,Beleza,TRUE,Title,Default Title,beleza-106,300,shopify,46,deny,manual,144.00,,TRUE,FALSE,FALSE,Depilador Elétrico — ALVA,Beleza · envio após a confirmação do pagamento.,active
kit-skincare-rolo,Kit Skincare Rolo,<p>Beleza · envio após a confirmação do pagamento.</p>,ALVA,,Beleza,Beleza,TRUE,Title,Default Title,beleza-107,300,shopify,47,deny,manual,46.62,,TRUE,FALSE,FALSE,Kit Skincare Rolo — ALVA,Beleza · envio após a confirmação do pagamento.,active
aparador-pelos-nariz,Aparador Pelos Nariz,<p>Beleza · envio após a confirmação do pagamento.</p>,ALVA,,Beleza,Beleza,TRUE,Title,Default Title,beleza-108,300,shopify,48,deny,manual,53.88,,TRUE,FALSE,FALSE,Aparador Pelos Nariz — ALVA,Beleza · envio após a confirmação do pagamento.,active
escova-facial-sonica,Escova Facial Sônica,<p>Beleza · envio após a confirmação do pagamento.</p>,ALVA,,Beleza,Beleza,TRUE,Title,Default Title,beleza-109,300,shopify,49,deny,manual,80.80,,TRUE,FALSE,FALSE,Escova Facial Sônica — ALVA,Beleza · envio após a confirmação do pagamento.,active
modelador-cachos,Modelador Cachos,<p>Beleza · envio após a confirmação do pagamento.</p>,ALVA,,Beleza,Beleza,TRUE,Title,Default Title,beleza-110,300,shopify,50,deny,manual,149.18,,TRUE,FALSE,FALSE,Modelador Cachos — ALVA,Beleza · envio após a confirmação do pagamento.,active
removedor-cravos,Removedor Cravos,<p>Beleza · envio após a confirmação do pagamento.</p>,ALVA,,Beleza,Beleza,TRUE,Title,Default Title,beleza-111,300,shopify,51,deny,manual,89.10,,TRUE,FALSE,FALSE,Removedor Cravos — ALVA,Beleza · envio após a confirmação do pagamento.,active
lixa-pe-eletrica,Lixa Pé Elétrica,<p>Beleza · envio após a confirmação do pagamento.</p>,ALVA,,Beleza,Beleza,TRUE,Title,Default Title,beleza-112,300,shopify,52,deny,manual,94.28,,TRUE,FALSE,FALSE,Lixa Pé Elétrica — ALVA,Beleza · envio após a confirmação do pagamento.,active
kit-manicure-18pc,Kit Manicure 18pç,<p>Beleza · envio após a confirmação do pagamento.</p>,ALVA,,Beleza,Beleza,TRUE,Title,Default Title,beleza-113,300,shopify,53,deny,manual,65.26,,TRUE,FALSE,FALSE,Kit Manicure 18pç — ALVA,Beleza · envio após a confirmação do pagamento.,active
chapinha-mini,Chapinha Mini,<p>Beleza · envio após a confirmação do pagamento.</p>,ALVA,,Beleza,Beleza,TRUE,Title,Default Title,beleza-114,300,shopify,54,deny,manual,73.56,,TRUE,FALSE,FALSE,Chapinha Mini — ALVA,Beleza · envio após a confirmação do pagamento.,active
faixa-skincare,Faixa Skincare,<p>Beleza · envio após a confirmação do pagamento.</p>,ALVA,,Beleza,Beleza,TRUE,Title,Default Title,beleza-115,300,shopify,55,deny,manual,22.80,,TRUE,FALSE,FALSE,Faixa Skincare — ALVA,Beleza · envio após a confirmação do pagamento.,active
organizadora-maquiagem,Organizadora Maquiagem,<p>Beleza · envio após a confirmação do pagamento.</p>,ALVA,,Beleza,Beleza,TRUE,Title,Default Title,beleza-116,300,shopify,56,deny,manual,100.50,,TRUE,FALSE,FALSE,Organizadora Maquiagem — ALVA,Beleza · envio após a confirmação do pagamento.,active
pinca-led-sobrancelha,Pinça LED Sobrancelha,<p>Beleza · envio após a confirmação do pagamento.</p>,ALVA,,Beleza,Beleza,TRUE,Title,Default Title,beleza-117,300,shopify,57,deny,manual,35.22,,TRUE,FALSE,FALSE,Pinça LED Sobrancelha — ALVA,Beleza · envio após a confirmação do pagamento.,active
spray-nano-facial,Spray Nano Facial,<p>Beleza · envio após a confirmação do pagamento.</p>,ALVA,,Beleza,Beleza,TRUE,Title,Default Title,beleza-118,300,shopify,58,deny,manual,70.44,,TRUE,FALSE,FALSE,Spray Nano Facial — ALVA,Beleza · envio após a confirmação do pagamento.,active
massageador-couro-cabeludo,Massageador Couro Cabeludo,<p>Beleza · envio após a confirmação do pagamento.</p>,ALVA,,Beleza,Beleza,TRUE,Title,Default Title,beleza-119,300,shopify,59,deny,manual,40.40,,TRUE,FALSE,FALSE,Massageador Couro Cabeludo — ALVA,Beleza · envio após a confirmação do pagamento.,active
kit-barba-homem,Kit Barba Homem,<p>Beleza · envio após a confirmação do pagamento.</p>,ALVA,,Beleza,Beleza,TRUE,Title,Default Title,beleza-120,300,shopify,60,deny,manual,157.48,,TRUE,FALSE,FALSE,Kit Barba Homem — ALVA,Beleza · envio após a confirmação do pagamento.,active
tapete-yoga-6mm,Tapete Yoga 6mm,<p>Esporte · envio após a confirmação do pagamento.</p>,ALVA,,Esporte,Esporte,TRUE,Title,Default Title,esporte-121,300,shopify,61,deny,manual,163.28,,TRUE,FALSE,FALSE,Tapete Yoga 6mm — ALVA,Esporte · envio após a confirmação do pagamento.,active
tapete-yoga-extra-grosso,Tapete Yoga Extra Grosso,<p>Esporte · envio após a confirmação do pagamento.</p>,ALVA,,Esporte,Esporte,TRUE,Title,Default Title,esporte-122,300,shopify,62,deny,manual,188.56,,TRUE,FALSE,FALSE,Tapete Yoga Extra Grosso — ALVA,Esporte · envio após a confirmação do pagamento.,active
meias-compressao-20-30,Meias Compressão 20-30,<p>Esporte · envio após a confirmação do pagamento.</p>,ALVA,,Esporte,Esporte,TRUE,Title,Default Title,esporte-123,300,shopify,63,deny,manual,32.42,,TRUE,FALSE,FALSE,Meias Compressão 20-30 — ALVA,Esporte · envio após a confirmação do pagamento.,active
corda-crossfit,Corda Crossfit,<p>Esporte · envio após a confirmação do pagamento.</p>,ALVA,,Esporte,Esporte,TRUE,Title,Default Title,esporte-124,300,shopify,64,deny,manual,49.72,,TRUE,FALSE,FALSE,Corda Crossfit — ALVA,Esporte · envio após a confirmação do pagamento.,active
elastico-kit-5,Elástico Kit 5,<p>Esporte · envio após a confirmação do pagamento.</p>,ALVA,,Esporte,Esporte,TRUE,Title,Default Title,esporte-125,300,shopify,65,deny,manual,71.48,,TRUE,FALSE,FALSE,Elástico Kit 5 — ALVA,Esporte · envio após a confirmação do pagamento.,active
rolo-liberacao-miofascial,Rolo Liberação Miofascial,<p>Esporte · envio após a confirmação do pagamento.</p>,ALVA,,Esporte,Esporte,TRUE,Title,Default Title,esporte-126,300,shopify,66,deny,manual,87.02,,TRUE,FALSE,FALSE,Rolo Liberação Miofascial — ALVA,Esporte · envio após a confirmação do pagamento.,active
garrafa-1l-esportiva,Garrafa 1L Esportiva,<p>Esporte · envio após a confirmação do pagamento.</p>,ALVA,,Esporte,Esporte,TRUE,Title,Default Title,esporte-127,300,shopify,67,deny,manual,58.02,,TRUE,FALSE,FALSE,Garrafa 1L Esportiva — ALVA,Esporte · envio após a confirmação do pagamento.,active
luvas-academia,Luvas Academia,<p>Esporte · envio após a confirmação do pagamento.</p>,ALVA,,Esporte,Esporte,TRUE,Title,Default Title,esporte-128,300,shopify,68,deny,manual,43.52,,TRUE,FALSE,FALSE,Luvas Academia — ALVA,Esporte · envio após a confirmação do pagamento.,active
caneleira-2kg-par,Caneleira 2kg Par,<p>Esporte · envio após a confirmação do pagamento.</p>,ALVA,,Esporte,Esporte,TRUE,Title,Default Title,esporte-129,300,shopify,69,deny,manual,98.42,,TRUE,FALSE,FALSE,Caneleira 2kg Par — ALVA,Esporte · envio após a confirmação do pagamento.,active
bola-pilates-65cm,Bola Pilates 65cm,<p>Esporte · envio após a confirmação do pagamento.</p>,ALVA,,Esporte,Esporte,TRUE,Title,Default Title,esporte-130,300,shopify,70,deny,manual,79.78,,TRUE,FALSE,FALSE,Bola Pilates 65cm — ALVA,Esporte · envio após a confirmação do pagamento.,active
mini-bike-pedal,Mini Bike Pedal,<p>Esporte · envio após a confirmação do pagamento.</p>,ALVA,,Esporte,Esporte,TRUE,Title,Default Title,esporte-131,300,shopify,71,deny,manual,232.06,,TRUE,FALSE,FALSE,Mini Bike Pedal — ALVA,Esporte · envio após a confirmação do pagamento.,active
suporte-celular-bike,Suporte Celular Bike,<p>Esporte · envio após a confirmação do pagamento.</p>,ALVA,,Esporte,Esporte,TRUE,Title,Default Title,esporte-132,300,shopify,72,deny,manual,37.30,,TRUE,FALSE,FALSE,Suporte Celular Bike — ALVA,Esporte · envio após a confirmação do pagamento.,active
farol-bike-usb,Farol Bike USB,<p>Esporte · envio após a confirmação do pagamento.</p>,ALVA,,Esporte,Esporte,TRUE,Title,Default Title,esporte-133,300,shopify,73,deny,manual,63.20,,TRUE,FALSE,FALSE,Farol Bike USB — ALVA,Esporte · envio após a confirmação do pagamento.,active
joelheira-compressao,Joelheira Compressão,<p>Esporte · envio após a confirmação do pagamento.</p>,ALVA,,Esporte,Esporte,TRUE,Title,Default Title,esporte-134,300,shopify,74,deny,manual,55.94,,TRUE,FALSE,FALSE,Joelheira Compressão — ALVA,Esporte · envio após a confirmação do pagamento.,active
faixa-headband-suor,Faixa Headband Suor,<p>Esporte · envio após a confirmação do pagamento.</p>,ALVA,,Esporte,Esporte,TRUE,Title,Default Title,esporte-135,300,shopify,75,deny,manual,29.00,,TRUE,FALSE,FALSE,Faixa Headband Suor — ALVA,Esporte · envio após a confirmação do pagamento.,active
cinto-hidratacao,Cinto Hidratação,<p>Esporte · envio após a confirmação do pagamento.</p>,ALVA,,Esporte,Esporte,TRUE,Title,Default Title,esporte-136,300,shopify,76,deny,manual,84.96,,TRUE,FALSE,FALSE,Cinto Hidratação — ALVA,Esporte · envio após a confirmação do pagamento.,active
contador-passos-clip,Contador Passos Clip,<p>Esporte · envio após a confirmação do pagamento.</p>,ALVA,,Esporte,Esporte,TRUE,Title,Default Title,esporte-137,300,shopify,77,deny,manual,32.12,,TRUE,FALSE,FALSE,Contador Passos Clip — ALVA,Esporte · envio após a confirmação do pagamento.,active
toalha-esportiva,Toalha Esportiva,<p>Esporte · envio após a confirmação do pagamento.</p>,ALVA,,Esporte,Esporte,TRUE,Title,Default Title,esporte-138,300,shopify,78,deny,manual,40.40,,TRUE,FALSE,FALSE,Toalha Esportiva — ALVA,Esporte · envio após a confirmação do pagamento.,active
halteres-ajustaveis-par,Halteres Ajustáveis Par,<p>Esporte · envio após a confirmação do pagamento.</p>,ALVA,,Esporte,Esporte,TRUE,Title,Default Title,esporte-139,300,shopify,79,deny,manual,300.44,,TRUE,FALSE,FALSE,Halteres Ajustáveis Par — ALVA,Esporte · envio após a confirmação do pagamento.,active
barra-porta-exercicio,Barra Porta Exercício,<p>Esporte · envio após a confirmação do pagamento.</p>,ALVA,,Esporte,Esporte,TRUE,Title,Default Title,esporte-140,300,shopify,80,deny,manual,170.94,,TRUE,FALSE,FALSE,Barra Porta Exercício — ALVA,Esporte · envio após a confirmação do pagamento.,active
aquecedor-de-mamadeira,Aquecedor de Mamadeira,<p>Bebê · envio após a confirmação do pagamento.</p>,ALVA,,Bebê,Bebê,TRUE,Title,Default Title,bebe-141,300,shopify,81,deny,manual,112.50,,TRUE,FALSE,FALSE,Aquecedor de Mamadeira — ALVA,Bebê · envio após a confirmação do pagamento.,active
almofada-amamentacao,Almofada Amamentação,<p>Bebê · envio após a confirmação do pagamento.</p>,ALVA,,Bebê,Bebê,TRUE,Title,Default Title,bebe-142,300,shopify,82,deny,manual,73.14,,TRUE,FALSE,FALSE,Almofada Amamentação — ALVA,Bebê · envio após a confirmação do pagamento.,active
babador-silicone-kit-3,Babador Silicone Kit 3,<p>Bebê · envio após a confirmação do pagamento.</p>,ALVA,,Bebê,Bebê,TRUE,Title,Default Title,bebe-143,300,shopify,83,deny,manual,55.94,,TRUE,FALSE,FALSE,Babador Silicone Kit 3 — ALVA,Bebê · envio após a confirmação do pagamento.,active
mordedor-gelado,Mordedor Gelado,<p>Bebê · envio após a confirmação do pagamento.</p>,ALVA,,Bebê,Bebê,TRUE,Title,Default Title,bebe-144,300,shopify,84,deny,manual,33.16,,TRUE,FALSE,FALSE,Mordedor Gelado — ALVA,Bebê · envio após a confirmação do pagamento.,active
monitor-bebe-camera,Monitor Bebê Câmera,<p>Bebê · envio após a confirmação do pagamento.</p>,ALVA,,Bebê,Bebê,TRUE,Title,Default Title,bebe-145,300,shopify,85,deny,manual,256.92,,TRUE,FALSE,FALSE,Monitor Bebê Câmera — ALVA,Bebê · envio após a confirmação do pagamento.,active
protetor-tomada-kit-20,Protetor Tomada Kit 20,<p>Bebê · envio após a confirmação do pagamento.</p>,ALVA,,Bebê,Bebê,TRUE,Title,Default Title,bebe-146,300,shopify,86,deny,manual,37.30,,TRUE,FALSE,FALSE,Protetor Tomada Kit 20 — ALVA,Bebê · envio após a confirmação do pagamento.,active
trava-gaveta-kit-10,Trava Gaveta Kit 10,<p>Bebê · envio após a confirmação do pagamento.</p>,ALVA,,Bebê,Bebê,TRUE,Title,Default Title,bebe-147,300,shopify,87,deny,manual,42.48,,TRUE,FALSE,FALSE,Trava Gaveta Kit 10 — ALVA,Bebê · envio após a confirmação do pagamento.,active
cadeira-alimentacao-portatil,Cadeira Alimentação Portátil,<p>Bebê · envio após a confirmação do pagamento.</p>,ALVA,,Bebê,Bebê,TRUE,Title,Default Title,bebe-148,300,shopify,88,deny,manual,195.80,,TRUE,FALSE,FALSE,Cadeira Alimentação Portátil — ALVA,Bebê · envio após a confirmação do pagamento.,active
mosquiteiro-carrinho,Mosquiteiro Carrinho,<p>Bebê · envio após a confirmação do pagamento.</p>,ALVA,,Bebê,Bebê,TRUE,Title,Default Title,bebe-149,300,shopify,89,deny,manual,49.72,,TRUE,FALSE,FALSE,Mosquiteiro Carrinho — ALVA,Bebê · envio após a confirmação do pagamento.,active
organizador-carrinho,Organizador Carrinho,<p>Bebê · envio após a confirmação do pagamento.</p>,ALVA,,Bebê,Bebê,TRUE,Title,Default Title,bebe-150,300,shopify,40,deny,manual,77.70,,TRUE,FALSE,FALSE,Organizador Carrinho — ALVA,Bebê · envio após a confirmação do pagamento.,active
termometro-banho,Termômetro Banho,<p>Bebê · envio após a confirmação do pagamento.</p>,ALVA,,Bebê,Bebê,TRUE,Title,Default Title,bebe-151,300,shopify,41,deny,manual,61.12,,TRUE,FALSE,FALSE,Termômetro Banho — ALVA,Bebê · envio após a confirmação do pagamento.,active
cortador-unha-bebe,Cortador Unha Bebê,<p>Bebê · envio após a confirmação do pagamento.</p>,ALVA,,Bebê,Bebê,TRUE,Title,Default Title,bebe-152,300,shopify,42,deny,manual,84.96,,TRUE,FALSE,FALSE,Cortador Unha Bebê — ALVA,Bebê · envio após a confirmação do pagamento.,active
bolsa-maternidade-3pc,Bolsa Maternidade 3pç,<p>Bebê · envio após a confirmação do pagamento.</p>,ALVA,,Bebê,Bebê,TRUE,Title,Default Title,bebe-153,300,shopify,43,deny,manual,169.90,,TRUE,FALSE,FALSE,Bolsa Maternidade 3pç — ALVA,Bebê · envio após a confirmação do pagamento.,active
protetor-sol-carrinho,Protetor Sol Carrinho,<p>Bebê · envio após a confirmação do pagamento.</p>,ALVA,,Bebê,Bebê,TRUE,Title,Default Title,bebe-154,300,shopify,44,deny,manual,65.26,,TRUE,FALSE,FALSE,Protetor Sol Carrinho — ALVA,Bebê · envio após a confirmação do pagamento.,active
chocalho-sensorial,Chocalho Sensorial,<p>Bebê · envio após a confirmação do pagamento.</p>,ALVA,,Bebê,Bebê,TRUE,Title,Default Title,bebe-155,300,shopify,45,deny,manual,38.34,,TRUE,FALSE,FALSE,Chocalho Sensorial — ALVA,Bebê · envio após a confirmação do pagamento.,active
tapete-atividades,Tapete Atividades,<p>Bebê · envio após a confirmação do pagamento.</p>,ALVA,,Bebê,Bebê,TRUE,Title,Default Title,bebe-156,300,shopify,46,deny,manual,198.92,,TRUE,FALSE,FALSE,Tapete Atividades — ALVA,Bebê · envio após a confirmação do pagamento.,active
redutor-sanitario,Redutor Sanitário,<p>Bebê · envio após a confirmação do pagamento.</p>,ALVA,,Bebê,Bebê,TRUE,Title,Default Title,bebe-157,300,shopify,47,deny,manual,70.44,,TRUE,FALSE,FALSE,Redutor Sanitário — ALVA,Bebê · envio após a confirmação do pagamento.,active
escova-cabelo-bebe,Escova Cabelo Bebê,<p>Bebê · envio após a confirmação do pagamento.</p>,ALVA,,Bebê,Bebê,TRUE,Title,Default Title,bebe-158,300,shopify,48,deny,manual,35.22,,TRUE,FALSE,FALSE,Escova Cabelo Bebê — ALVA,Bebê · envio após a confirmação do pagamento.,active
porta-chupeta-clip,Porta-Chupeta Clip,<p>Bebê · envio após a confirmação do pagamento.</p>,ALVA,,Bebê,Bebê,TRUE,Title,Default Title,bebe-159,300,shopify,49,deny,manual,26.94,,TRUE,FALSE,FALSE,Porta-Chupeta Clip — ALVA,Bebê · envio após a confirmação do pagamento.,active
umidificador-quarto-bebe,Umidificador Quarto Bebê,<p>Bebê · envio após a confirmação do pagamento.</p>,ALVA,,Bebê,Bebê,TRUE,Title,Default Title,bebe-160,300,shopify,50,deny,manual,139.86,,TRUE,FALSE,FALSE,Umidificador Quarto Bebê — ALVA,Bebê · envio após a confirmação do pagamento.,active
suporte-notebook-aluminio,Suporte Notebook Alumínio,<p>Escritório · envio após a confirmação do pagamento.</p>,ALVA,,Escritório,Escritório,TRUE,Title,Default Title,escritorio-161,300,shopify,51,deny,manual,122.24,,TRUE,FALSE,FALSE,Suporte Notebook Alumínio — ALVA,Escritório · envio após a confirmação do pagamento.,active
apoio-punho-teclado,Apoio Punho Teclado,<p>Escritório · envio após a confirmação do pagamento.</p>,ALVA,,Escritório,Escritório,TRUE,Title,Default Title,escritorio-162,300,shopify,52,deny,manual,47.66,,TRUE,FALSE,FALSE,Apoio Punho Teclado — ALVA,Escritório · envio após a confirmação do pagamento.,active
mouse-pad-grande,Mouse Pad Grande,<p>Escritório · envio após a confirmação do pagamento.</p>,ALVA,,Escritório,Escritório,TRUE,Title,Default Title,escritorio-163,300,shopify,53,deny,manual,61.12,,TRUE,FALSE,FALSE,Mouse Pad Grande — ALVA,Escritório · envio após a confirmação do pagamento.,active
organizador-mesa,Organizador Mesa,<p>Escritório · envio após a confirmação do pagamento.</p>,ALVA,,Escritório,Escritório,TRUE,Title,Default Title,escritorio-164,300,shopify,54,deny,manual,87.02,,TRUE,FALSE,FALSE,Organizador Mesa — ALVA,Escritório · envio após a confirmação do pagamento.,active
luminaria-clip-led,Luminária Clip LED,<p>Escritório · envio após a confirmação do pagamento.</p>,ALVA,,Escritório,Escritório,TRUE,Title,Default Title,escritorio-165,300,shopify,55,deny,manual,69.42,,TRUE,FALSE,FALSE,Luminária Clip LED — ALVA,Escritório · envio após a confirmação do pagamento.,active
suporte-monitor,Suporte Monitor,<p>Escritório · envio após a confirmação do pagamento.</p>,ALVA,,Escritório,Escritório,TRUE,Title,Default Title,escritorio-166,300,shopify,56,deny,manual,136.76,,TRUE,FALSE,FALSE,Suporte Monitor — ALVA,Escritório · envio após a confirmação do pagamento.,active
fone-headset-call,Fone Headset Call,<p>Escritório · envio após a confirmação do pagamento.</p>,ALVA,,Escritório,Escritório,TRUE,Title,Default Title,escritorio-167,300,shopify,57,deny,manual,130.54,,TRUE,FALSE,FALSE,Fone Headset Call — ALVA,Escritório · envio após a confirmação do pagamento.,active
cadeira-lombar-portatil,Cadeira Lombar Portátil,<p>Escritório · envio após a confirmação do pagamento.</p>,ALVA,,Escritório,Escritório,TRUE,Title,Default Title,escritorio-168,300,shopify,58,deny,manual,101.52,,TRUE,FALSE,FALSE,Cadeira Lombar Portátil — ALVA,Escritório · envio após a confirmação do pagamento.,active
divisoria-gaveta,Divisória Gaveta,<p>Escritório · envio após a confirmação do pagamento.</p>,ALVA,,Escritório,Escritório,TRUE,Title,Default Title,escritorio-169,300,shopify,59,deny,manual,53.88,,TRUE,FALSE,FALSE,Divisória Gaveta — ALVA,Escritório · envio após a confirmação do pagamento.,active
etiquetadora-manual,Etiquetadora Manual,<p>Escritório · envio após a confirmação do pagamento.</p>,ALVA,,Escritório,Escritório,TRUE,Title,Default Title,escritorio-170,300,shopify,60,deny,manual,150.22,,TRUE,FALSE,FALSE,Etiquetadora Manual — ALVA,Escritório · envio após a confirmação do pagamento.,active
grampeador-pesado,Grampeador Pesado,<p>Escritório · envio após a confirmação do pagamento.</p>,ALVA,,Escritório,Escritório,TRUE,Title,Default Title,escritorio-171,300,shopify,61,deny,manual,63.20,,TRUE,FALSE,FALSE,Grampeador Pesado — ALVA,Escritório · envio após a confirmação do pagamento.,active
quadro-branco-magnetico,Quadro Branco Magnético,<p>Escritório · envio após a confirmação do pagamento.</p>,ALVA,,Escritório,Escritório,TRUE,Title,Default Title,escritorio-172,300,shopify,62,deny,manual,92.20,,TRUE,FALSE,FALSE,Quadro Branco Magnético — ALVA,Escritório · envio após a confirmação do pagamento.,active
cabo-organizador-kit,Cabo Organizador Kit,<p>Escritório · envio após a confirmação do pagamento.</p>,ALVA,,Escritório,Escritório,TRUE,Title,Default Title,escritorio-173,300,shopify,63,deny,manual,44.54,,TRUE,FALSE,FALSE,Cabo Organizador Kit — ALVA,Escritório · envio após a confirmação do pagamento.,active
suporte-fone-mesa,Suporte Fone Mesa,<p>Escritório · envio após a confirmação do pagamento.</p>,ALVA,,Escritório,Escritório,TRUE,Title,Default Title,escritorio-174,300,shopify,64,deny,manual,56.98,,TRUE,FALSE,FALSE,Suporte Fone Mesa — ALVA,Escritório · envio após a confirmação do pagamento.,active
calculadora-solar,Calculadora Solar,<p>Escritório · envio após a confirmação do pagamento.</p>,ALVA,,Escritório,Escritório,TRUE,Title,Default Title,escritorio-175,300,shopify,65,deny,manual,39.36,,TRUE,FALSE,FALSE,Calculadora Solar — ALVA,Escritório · envio após a confirmação do pagamento.,active
pasta-acordeao,Pasta Acordeão,<p>Escritório · envio após a confirmação do pagamento.</p>,ALVA,,Escritório,Escritório,TRUE,Title,Default Title,escritorio-176,300,shopify,66,deny,manual,66.30,,TRUE,FALSE,FALSE,Pasta Acordeão — ALVA,Escritório · envio após a confirmação do pagamento.,active
relogio-mesa-digital,Relógio Mesa Digital,<p>Escritório · envio após a confirmação do pagamento.</p>,ALVA,,Escritório,Escritório,TRUE,Title,Default Title,escritorio-177,300,shopify,67,deny,manual,74.60,,TRUE,FALSE,FALSE,Relógio Mesa Digital — ALVA,Escritório · envio após a confirmação do pagamento.,active
apoio-pes-escritorio,Apoio Pés Escritório,<p>Escritório · envio após a confirmação do pagamento.</p>,ALVA,,Escritório,Escritório,TRUE,Title,Default Title,escritorio-178,300,shopify,68,deny,manual,107.74,,TRUE,FALSE,FALSE,Apoio Pés Escritório — ALVA,Escritório · envio após a confirmação do pagamento.,active
webcam-cover-kit-3,Webcam Cover Kit 3,<p>Escritório · envio após a confirmação do pagamento.</p>,ALVA,,Escritório,Escritório,TRUE,Title,Default Title,escritorio-179,300,shopify,69,deny,manual,21.76,,TRUE,FALSE,FALSE,Webcam Cover Kit 3 — ALVA,Escritório · envio após a confirmação do pagamento.,active
hub-mesa-qi,Hub Mesa Qi,<p>Escritório · envio após a confirmação do pagamento.</p>,ALVA,,Escritório,Escritório,TRUE,Title,Default Title,escritorio-180,300,shopify,70,deny,manual,161.62,,TRUE,FALSE,FALSE,Hub Mesa Qi — ALVA,Escritório · envio após a confirmação do pagamento.,active
mini-processador,Mini Processador,<p>Cozinha · envio após a confirmação do pagamento.</p>,ALVA,,Cozinha,Cozinha,TRUE,Title,Default Title,cozinha-181,300,shopify,71,deny,manual,118.10,,TRUE,FALSE,FALSE,Mini Processador — ALVA,Cozinha · envio após a confirmação do pagamento.,active
balanca-digital-5kg,Balança Digital 5kg,<p>Cozinha · envio após a confirmação do pagamento.</p>,ALVA,,Cozinha,Cozinha,TRUE,Title,Default Title,cozinha-182,300,shopify,72,deny,manual,70.44,,TRUE,FALSE,FALSE,Balança Digital 5kg — ALVA,Cozinha · envio após a confirmação do pagamento.,active
descascador-3-em-1,Descascador 3 em 1,<p>Cozinha · envio após a confirmação do pagamento.</p>,ALVA,,Cozinha,Cozinha,TRUE,Title,Default Title,cozinha-183,300,shopify,73,deny,manual,24.86,,TRUE,FALSE,FALSE,Descascador 3 em 1 — ALVA,Cozinha · envio após a confirmação do pagamento.,active
organizador-geladeira,Organizador Geladeira,<p>Cozinha · envio após a confirmação do pagamento.</p>,ALVA,,Cozinha,Cozinha,TRUE,Title,Default Title,cozinha-184,300,shopify,74,deny,manual,81.84,,TRUE,FALSE,FALSE,Organizador Geladeira — ALVA,Cozinha · envio após a confirmação do pagamento.,active
pote-hermetico-kit-6,Pote Hermético Kit 6,<p>Cozinha · envio após a confirmação do pagamento.</p>,ALVA,,Cozinha,Cozinha,TRUE,Title,Default Title,cozinha-185,300,shopify,75,deny,manual,99.46,,TRUE,FALSE,FALSE,Pote Hermético Kit 6 — ALVA,Cozinha · envio após a confirmação do pagamento.,active
ralador-mandoline,Ralador Mandoline,<p>Cozinha · envio após a confirmação do pagamento.</p>,ALVA,,Cozinha,Cozinha,TRUE,Title,Default Title,cozinha-186,300,shopify,76,deny,manual,84.96,,TRUE,FALSE,FALSE,Ralador Mandoline — ALVA,Cozinha · envio após a confirmação do pagamento.,active
batedor-eletrico-mini,Batedor Elétrico Mini,<p>Cozinha · envio após a confirmação do pagamento.</p>,ALVA,,Cozinha,Cozinha,TRUE,Title,Default Title,cozinha-187,300,shopify,77,deny,manual,73.56,,TRUE,FALSE,FALSE,Batedor Elétrico Mini — ALVA,Cozinha · envio após a confirmação do pagamento.,active
forma-silicone-airfryer,Forma Silicone Airfryer,<p>Cozinha · envio após a confirmação do pagamento.</p>,ALVA,,Cozinha,Cozinha,TRUE,Title,Default Title,cozinha-188,300,shopify,78,deny,manual,60.08,,TRUE,FALSE,FALSE,Forma Silicone Airfryer — ALVA,Cozinha · envio após a confirmação do pagamento.,active
termometro-culinario,Termômetro Culinário,<p>Cozinha · envio após a confirmação do pagamento.</p>,ALVA,,Cozinha,Cozinha,TRUE,Title,Default Title,cozinha-189,300,shopify,79,deny,manual,50.76,,TRUE,FALSE,FALSE,Termômetro Culinário — ALVA,Cozinha · envio após a confirmação do pagamento.,active
abridor-eletrico,Abridor Elétrico,<p>Cozinha · envio após a confirmação do pagamento.</p>,ALVA,,Cozinha,Cozinha,TRUE,Title,Default Title,cozinha-190,300,shopify,80,deny,manual,106.70,,TRUE,FALSE,FALSE,Abridor Elétrico — ALVA,Cozinha · envio após a confirmação do pagamento.,active
escorredor-dobravel,Escorredor Dobrável,<p>Cozinha · envio após a confirmação do pagamento.</p>,ALVA,,Cozinha,Cozinha,TRUE,Title,Default Title,cozinha-191,300,shopify,81,deny,manual,55.94,,TRUE,FALSE,FALSE,Escorredor Dobrável — ALVA,Cozinha · envio após a confirmação do pagamento.,active
dispenser-detergente,Dispenser Detergente,<p>Cozinha · envio após a confirmação do pagamento.</p>,ALVA,,Cozinha,Cozinha,TRUE,Title,Default Title,cozinha-192,300,shopify,82,deny,manual,43.52,,TRUE,FALSE,FALSE,Dispenser Detergente — ALVA,Cozinha · envio após a confirmação do pagamento.,active
tabua-antibacteriana,Tábua Antibacteriana,<p>Cozinha · envio após a confirmação do pagamento.</p>,ALVA,,Cozinha,Cozinha,TRUE,Title,Default Title,cozinha-193,300,shopify,83,deny,manual,68.38,,TRUE,FALSE,FALSE,Tábua Antibacteriana — ALVA,Cozinha · envio após a confirmação do pagamento.,active
moedor-pimenta,Moedor Pimenta,<p>Cozinha · envio após a confirmação do pagamento.</p>,ALVA,,Cozinha,Cozinha,TRUE,Title,Default Title,cozinha-194,300,shopify,84,deny,manual,52.84,,TRUE,FALSE,FALSE,Moedor Pimenta — ALVA,Cozinha · envio após a confirmação do pagamento.,active
sifao-chantilly,Sifão Chantilly,<p>Cozinha · envio após a confirmação do pagamento.</p>,ALVA,,Cozinha,Cozinha,TRUE,Title,Default Title,cozinha-195,300,shopify,85,deny,manual,142.96,,TRUE,FALSE,FALSE,Sifão Chantilly — ALVA,Cozinha · envio após a confirmação do pagamento.,active
cafeteira-italiana-6x,Cafeteira Italiana 6x,<p>Cozinha · envio após a confirmação do pagamento.</p>,ALVA,,Cozinha,Cozinha,TRUE,Title,Default Title,cozinha-196,300,shopify,86,deny,manual,126.40,,TRUE,FALSE,FALSE,Cafeteira Italiana 6x — ALVA,Cozinha · envio após a confirmação do pagamento.,active
infusor-cha-aco,Infusor Chá Aço,<p>Cozinha · envio após a confirmação do pagamento.</p>,ALVA,,Cozinha,Cozinha,TRUE,Title,Default Title,cozinha-197,300,shopify,87,deny,manual,34.18,,TRUE,FALSE,FALSE,Infusor Chá Aço — ALVA,Cozinha · envio após a confirmação do pagamento.,active
luva-termica-silicone,Luva Térmica Silicone,<p>Cozinha · envio após a confirmação do pagamento.</p>,ALVA,,Cozinha,Cozinha,TRUE,Title,Default Title,cozinha-198,300,shopify,88,deny,manual,48.70,,TRUE,FALSE,FALSE,Luva Térmica Silicone — ALVA,Cozinha · envio após a confirmação do pagamento.,active
organizador-temperos,Organizador Temperos,<p>Cozinha · envio após a confirmação do pagamento.</p>,ALVA,,Cozinha,Cozinha,TRUE,Title,Default Title,cozinha-199,300,shopify,89,deny,manual,88.06,,TRUE,FALSE,FALSE,Organizador Temperos — ALVA,Cozinha · envio após a confirmação do pagamento.,active
mini-grill-eletrico,Mini Grill Elétrico,<p>Cozinha · envio após a confirmação do pagamento.</p>,ALVA,,Cozinha,Cozinha,TRUE,Title,Default Title,cozinha-200,300,shopify,40,deny,manual,175.08,,TRUE,FALSE,FALSE,Mini Grill Elétrico — ALVA,Cozinha · envio após a confirmação do pagamento.,active
